{
  "project_info": {
    "project_number": "694996470506",
    "firebase_url": "https://grabacon-bf7ca.firebaseio.com",
    "project_id": "grabacon-bf7ca",
    "storage_bucket": "grabacon-bf7ca.appspot.com"
  },
  "client": [
    {
      "client_info": {
        "mobilesdk_app_id": "1:694996470506:android:0acdd6302838b670d4a593",
        "android_client_info": {
          "package_name": "com.sheetal.grabacon"
        }
      },
      "oauth_client": [
        {
          "client_id": "694996470506-ckmaej6qeajqbq20rmsen0suv026sfk0.apps.googleusercontent.com",
          "client_type": 3
        }
      ],
      "api_key": [
        {
          "current_key": "AIzaSyCJOt_5Bm5H59oHPWkN-SYpeXmOlB-W3iI"
        }
      ],
      "services": {
        "appinvite_service": {
          "other_platform_oauth_client": [
            {
              "client_id": "694996470506-ckmaej6qeajqbq20rmsen0suv026sfk0.apps.googleusercontent.com",
              "client_type": 3
            }
          ]
        }
      }
    }
  ],
  "configuration_version": "1"
}